Position,Name + ID,Name,ID,Roster Position,Salary,Game Info,TeamAbbrev,AvgPointsPerGame
PG/SG,James Harden (11505662),James Harden,11505662,PG/SG/G/UTIL,11400,UTA@HOU 10/24/2018 08:00PM ET,HOU,58
SF/PF,Giannis Antetokounmpo (11505666),Giannis Antetokounmpo,11505666,SF/PF/F/UTIL,11300,PHI@MIL 10/24/2018 09:30PM ET,MIL,58.67
SF/PF,LeBron James (11505670),LeBron James,11505670,SF/PF/F/UTIL,11100,LAL@PHO 10/24/2018 10:00PM ET,LAL,53.75
C,Joel Embiid (11505674),Joel Embiid,11505674,C/UTIL,10100,PHI@MIL 10/24/2018 09:30PM ET,PHI,55.06
PG/SG,Stephen Curry (11505676),Stephen Curry,11505676,PG/SG/G/UTIL,9800,WAS@GS 10/24/2018 10:30PM ET,GS,52.12
SF/PF,Kevin Durant (11505680),Kevin Durant,11505680,SF/PF/F/UTIL,9700,WAS@GS 10/24/2018 10:30PM ET,GS,48.12
PG/SF,Ben Simmons (11505684),Ben Simmons,11505684,PG/SF/F/G/UTIL,9400,PHI@MIL 10/24/2018 09:30PM ET,PHI,42.17
PF/C,Kevin Love (11505689) (LOCKED),Kevin Love,11505689,PF/C/F/UTIL,8800,BKN@CLE 10/24/2018 07:00PM ET,CLE,46.25
SG/SF,Kawhi Leonard (11505693),Kawhi Leonard,11505693,SG/SF/F/G/UTIL,8700,MIN@TOR 10/24/2018 07:30PM ET,TOR,43.67
PG,John Wall (11505698),John Wall,11505698,PG/G/UTIL,8600,WAS@GS 10/24/2018 10:30PM ET,WAS,44.58
PF/C,LaMarcus Aldridge (11505701),LaMarcus Aldridge,11505701,PF/C/F/UTIL,8500,IND@SA 10/24/2018 08:30PM ET,SA,50.58
PG,Kemba Walker (11505705),Kemba Walker,11505705,PG/G/UTIL,8400,CHA@CHI 10/24/2018 08:00PM ET,CHA,48.75
PG,Chris Paul (11505712),Chris Paul,11505712,PG/G/UTIL,8300,UTA@HOU 10/24/2018 08:00PM ET,HOU,47.25
PG/SG,Devin Booker (11505708),Devin Booker,11505708,PG/SG/G/UTIL,8300,LAL@PHO 10/24/2018 10:00PM ET,PHO,44.58
C,Karl-Anthony Towns (11505715),Karl-Anthony Towns,11505715,C/UTIL,8200,MIN@TOR 10/24/2018 07:30PM ET,MIN,35.62
SG/SF,Jimmy Butler (11505717),Jimmy Butler,11505717,SG/SF/F/G/UTIL,8100,MIN@TOR 10/24/2018 07:30PM ET,MIN,44.75
C,DeAndre Jordan (11505722) (LOCKED),DeAndre Jordan,11505722,C/UTIL,8000,DAL@ATL 10/24/2018 07:00PM ET,DAL,41.33
SG/SF,DeMar DeRozan (11505724),DeMar DeRozan,11505724,SG/SF/F/G/UTIL,7900,IND@SA 10/24/2018 08:30PM ET,SA,50.92
PG/SG,Victor Oladipo (11505729),Victor Oladipo,11505729,PG/SG/G/UTIL,7800,IND@SA 10/24/2018 08:30PM ET,IND,36.25
PG/SG,Donovan Mitchell (11505733),Donovan Mitchell,11505733,PG/SG/G/UTIL,7700,UTA@HOU 10/24/2018 08:00PM ET,UTA,30.5
PG,Kyle Lowry (11505737),Kyle Lowry,11505737,PG/G/UTIL,7600,MIN@TOR 10/24/2018 07:30PM ET,TOR,45.38
SG,Bradley Beal (11505742),Bradley Beal,11505742,SG/G/UTIL,7500,WAS@GS 10/24/2018 10:30PM ET,WAS,42.67
C,Rudy Gobert (11505740),Rudy Gobert,11505740,C/UTIL,7500,UTA@HOU 10/24/2018 08:00PM ET,UTA,39.67
PG/SG,Zach LaVine (11505745),Zach LaVine,11505745,PG/SG/G/UTIL,7400,CHA@CHI 10/24/2018 08:00PM ET,CHI,44.25
C,Hassan Whiteside (11505749),Hassan Whiteside,11505749,C/UTIL,7400,NY@MIA 10/24/2018 07:30PM ET,MIA,32.92
C,Deandre Ayton (11505751),Deandre Ayton,11505751,C/UTIL,7300,LAL@PHO 10/24/2018 10:00PM ET,PHO,36
PG,Trae Young (11505755) (LOCKED),Trae Young,11505755,PG/G/UTIL,7200,DAL@ATL 10/24/2018 07:00PM ET,ATL,42.67
C,Marc Gasol (11505753),Marc Gasol,11505753,C/UTIL,7200,MEM@SAC 10/24/2018 10:00PM ET,MEM,35.17
SG/SF,Luka Doncic (11505758) (LOCKED),Luka Doncic,11505758,SG/SF/F/G/UTIL,7100,DAL@ATL 10/24/2018 07:00PM ET,DAL,33.58
SG/SF,Khris Middleton (11505765),Khris Middleton,11505765,SG/SF/F/G/UTIL,7000,PHI@MIL 10/24/2018 09:30PM ET,MIL,42
C,Enes Kanter (11505763),Enes Kanter,11505763,C/UTIL,7000,NY@MIA 10/24/2018 07:30PM ET,NY,41.06
PF/C,Bobby Portis (11505774),Bobby Portis,11505774,PF/C/F/UTIL,6900,CHA@CHI 10/24/2018 08:00PM ET,CHI,33.58
PF/C,Draymond Green (11505770),Draymond Green,11505770,PF/C/F/UTIL,6900,WAS@GS 10/24/2018 10:30PM ET,GS,28.5
SF/PF,Kyle Kuzma (11505778),Kyle Kuzma,11505778,SF/PF/F/UTIL,6900,LAL@PHO 10/24/2018 10:00PM ET,LAL,32.75
SG/SF,Caris LeVert (11505787) (LOCKED),Caris LeVert,11505787,SG/SF/F/G/UTIL,6800,BKN@CLE 10/24/2018 07:00PM ET,BKN,38.67
SG/SF,Tim Hardaway Jr. (11505782),Tim Hardaway Jr.,11505782,SG/SF/F/G/UTIL,6800,NY@MIA 10/24/2018 07:30PM ET,NY,39.06
PG/SG,Eric Bledsoe (11505792),Eric Bledsoe,11505792,PG/SG/G/UTIL,6700,PHI@MIL 10/24/2018 09:30PM ET,MIL,38.67
SG/SF,Joe Ingles (11505799),Joe Ingles,11505799,SG/SF/F/G/UTIL,6700,UTA@HOU 10/24/2018 08:00PM ET,UTA,38.92
PG,Mike Conley (11505796),Mike Conley,11505796,PG/G/UTIL,6700,MEM@SAC 10/24/2018 10:00PM ET,MEM,34.75
C,Clint Capela (11505807),Clint Capela,11505807,C/UTIL,6600,UTA@HOU 10/24/2018 08:00PM ET,HOU,33.67
PG,De'Aaron Fox (11505804),De'Aaron Fox,11505804,PG/G/UTIL,6600,MEM@SAC 10/24/2018 10:00PM ET,SAC,34.38
SG/SF,Josh Richardson (11505812),Josh Richardson,11505812,SG/SF/F/G/UTIL,6500,NY@MIA 10/24/2018 07:30PM ET,MIA,31.75
SF,Taurean Prince (11505809) (LOCKED),Taurean Prince,11505809,SF/F/UTIL,6500,DAL@ATL 10/24/2018 07:00PM ET,ATL,36
PG,Rajon Rondo (11505817),Rajon Rondo,11505817,PG/G/UTIL,6400,LAL@PHO 10/24/2018 10:00PM ET,LAL,39.38
PG/SG,D'Angelo Russell (11505823) (LOCKED),D'Angelo Russell,11505823,PG/SG/G/UTIL,6300,BKN@CLE 10/24/2018 07:00PM ET,BKN,28.08
PG,Dennis Smith Jr. (11505820) (LOCKED),Dennis Smith Jr.,11505820,PG/G/UTIL,6300,DAL@ATL 10/24/2018 07:00PM ET,DAL,24
PG,Lonzo Ball (11505827),Lonzo Ball,11505827,PG/G/UTIL,6300,LAL@PHO 10/24/2018 10:00PM ET,LAL,26.17
PG,Goran Dragic (11505830),Goran Dragic,11505830,PG/G/UTIL,6200,NY@MIA 10/24/2018 07:30PM ET,MIA,35.17
SF/PF,Dario Saric (11505833),Dario Saric,11505833,SF/PF/F/UTIL,6100,PHI@MIL 10/24/2018 09:30PM ET,PHI,29.69
PG/SG,Kris Dunn (11505837),Kris Dunn,11505837,PG/SG/G/UTIL,6000,CHA@CHI 10/24/2018 08:00PM ET,CHI,23
SF/PF,Otto Porter Jr. (11505845),Otto Porter Jr.,11505845,SF/PF/F/UTIL,6000,WAS@GS 10/24/2018 10:30PM ET,WAS,29.17
PF/C,John Collins (11505841) (LOCKED),John Collins,11505841,PF/C/F/UTIL,6000,DAL@ATL 10/24/2018 07:00PM ET,ATL,0
C,Jarrett Allen (11505849) (LOCKED),Jarrett Allen,11505849,C/UTIL,5900,BKN@CLE 10/24/2018 07:00PM ET,BKN,29.33
PF/C,DeMarcus Cousins (11505851),DeMarcus Cousins,11505851,PF/C/F/UTIL,5900,WAS@GS 10/24/2018 10:30PM ET,GS,0
SG/SF,Cedi Osman (11505858) (LOCKED),Cedi Osman,11505858,SG/SF/F/G/UTIL,5800,BKN@CLE 10/24/2018 07:00PM ET,CLE,35
SG,Klay Thompson (11505865),Klay Thompson,11505865,SG/G/UTIL,5800,WAS@GS 10/24/2018 10:30PM ET,GS,23.75
PG,Jeff Teague (11505855),Jeff Teague,11505855,PG/G/UTIL,5800,MIN@TOR 10/24/2018 07:30PM ET,MIN,32
SG/SF,Eric Gordon (11505868),Eric Gordon,11505868,SG/SF/F/G/UTIL,5800,UTA@HOU 10/24/2018 08:00PM ET,HOU,25.75
PG/SG,Josh Hart (11505873),Josh Hart,11505873,PG/SG/G/UTIL,5800,LAL@PHO 10/24/2018 10:00PM ET,LAL,34.58
C,Myles Turner (11505863),Myles Turner,11505863,C/UTIL,5800,IND@SA 10/24/2018 08:30PM ET,IND,25.19
C,Dwight Howard (11505890),Dwight Howard,11505890,C/UTIL,5700,WAS@GS 10/24/2018 10:30PM ET,WAS,0
SF/PF,Markieff Morris (11505901),Markieff Morris,11505901,SF/PF/F/UTIL,5700,WAS@GS 10/24/2018 10:30PM ET,WAS,33.92
SG/SF,Andrew Wiggins (11505881),Andrew Wiggins,11505881,SG/SF/F/G/UTIL,5700,MIN@TOR 10/24/2018 07:30PM ET,MIN,24.88
PG/SG,Trey Burke (11505897),Trey Burke,11505897,PG/SG/G/UTIL,5700,NY@MIA 10/24/2018 07:30PM ET,NY,27.88
SF/PF,Harrison Barnes (11505886) (LOCKED),Harrison Barnes,11505886,SF/PF/F/UTIL,5700,DAL@ATL 10/24/2018 07:00PM ET,DAL,0
PG/SF,Brandon Ingram (11505892),Brandon Ingram,11505892,PG/SF/F/G/UTIL,5700,LAL@PHO 10/24/2018 10:00PM ET,LAL,24.75
PF/C,Domantas Sabonis (11505877),Domantas Sabonis,11505877,PF/C/F/UTIL,5700,IND@SA 10/24/2018 08:30PM ET,IND,29.58
PG/SG,Spencer Dinwiddie (11505910) (LOCKED),Spencer Dinwiddie,11505910,PG/SG/G/UTIL,5600,BKN@CLE 10/24/2018 07:00PM ET,BKN,27.17
C,Jonas Valanciunas (11505914),Jonas Valanciunas,11505914,C/UTIL,5600,MIN@TOR 10/24/2018 07:30PM ET,TOR,26.12
PG,Ricky Rubio (11505905),Ricky Rubio,11505905,PG/G/UTIL,5600,UTA@HOU 10/24/2018 08:00PM ET,UTA,21.5
C,Willie Cauley-Stein (11505908),Willie Cauley-Stein,11505908,C/UTIL,5600,MEM@SAC 10/24/2018 10:00PM ET,SAC,31.19
SG/SF,Nicolas Batum (11505929),Nicolas Batum,11505929,SG/SF/F/G/UTIL,5500,CHA@CHI 10/24/2018 08:00PM ET,CHA,25.75
PF/C,Rondae Hollis-Jefferson (11505916) (LOCKED),Rondae Hollis-Jefferson,11505916,PF/C/F/UTIL,5500,BKN@CLE 10/24/2018 07:00PM ET,BKN,0
SG/SF,JJ Redick (11505934),JJ Redick,11505934,SG/SF/F/G/UTIL,5500,PHI@MIL 10/24/2018 09:30PM ET,PHI,33.94
SG/SF,Buddy Hield (11505920),Buddy Hield,11505920,SG/SF/F/G/UTIL,5500,MEM@SAC 10/24/2018 10:00PM ET,SAC,23.88
SF/PF,Rudy Gay (11505925),Rudy Gay,11505925,SF/PF/F/UTIL,5500,IND@SA 10/24/2018 08:30PM ET,SA,27
SF/PF,Robert Covington (11505944),Robert Covington,11505944,SF/PF/F/UTIL,5400,PHI@MIL 10/24/2018 09:30PM ET,PHI,29.19
PF/C,Serge Ibaka (11505948),Serge Ibaka,11505948,PF/C/F/UTIL,5400,MIN@TOR 10/24/2018 07:30PM ET,TOR,29.75
C,Alex Len (11505956) (LOCKED),Alex Len,11505956,C/UTIL,5400,DAL@ATL 10/24/2018 07:00PM ET,ATL,25.58
PF/C,Jaren Jackson Jr. (11505952),Jaren Jackson Jr.,11505952,PF/C/F/UTIL,5400,MEM@SAC 10/24/2018 10:00PM ET,MEM,30.25
SG/SF,Tyreke Evans (11505939),Tyreke Evans,11505939,SG/SF/F/G/UTIL,5400,IND@SA 10/24/2018 08:30PM ET,IND,22.94
PF/C,Tristan Thompson (11505958) (LOCKED),Tristan Thompson,11505958,PF/C/F/UTIL,5300,BKN@CLE 10/24/2018 07:00PM ET,CLE,26.17
SG/SF,Kent Bazemore (11505964) (LOCKED),Kent Bazemore,11505964,SG/SF/F/G/UTIL,5300,DAL@ATL 10/24/2018 07:00PM ET,ATL,29.08
C,JaVale McGee (11505962),JaVale McGee,11505962,C/UTIL,5300,LAL@PHO 10/24/2018 10:00PM ET,LAL,33
SF/PF,James Johnson (11505973),James Johnson,11505973,SF/PF/F/UTIL,5200,NY@MIA 10/24/2018 07:30PM ET,MIA,0
PF/C,Derrick Favors (11505969),Derrick Favors,11505969,PF/C/F/UTIL,5200,UTA@HOU 10/24/2018 08:00PM ET,UTA,22.08
SG/SF,Wesley Matthews (11505977) (LOCKED),Wesley Matthews,11505977,SG/SF/F/G/UTIL,5200,DAL@ATL 10/24/2018 07:00PM ET,DAL,29.67
SG/SF,Jeremy Lamb (11505982),Jeremy Lamb,11505982,SG/SF/F/G/UTIL,5100,CHA@CHI 10/24/2018 08:00PM ET,CHA,24.25
PG/SG,Malcolm Brogdon (11505987),Malcolm Brogdon,11505987,PG/SG/G/UTIL,5100,PHI@MIL 10/24/2018 09:30PM ET,MIL,27.92
PG/SG,Markelle Fultz (11505991),Markelle Fultz,11505991,PG/SG/G/UTIL,5100,PHI@MIL 10/24/2018 09:30PM ET,PHI,22.31
PF,Lauri Markkanen (11506017),Lauri Markkanen,11506017,PF/F/UTIL,5000,CHA@CHI 10/24/2018 08:00PM ET,CHI,0
SG/SF,Dion Waiters (11506012),Dion Waiters,11506012,SG/SF/F/G/UTIL,5000,NY@MIA 10/24/2018 07:30PM ET,MIA,0
PF/C,Dwight Powell (11505995) (LOCKED),Dwight Powell,11505995,PF/C/F/UTIL,5000,DAL@ATL 10/24/2018 07:00PM ET,DAL,27.92
PF/C,Dirk Nowitzki (11505999) (LOCKED),Dirk Nowitzki,11505999,PF/C/F/UTIL,5000,DAL@ATL 10/24/2018 07:00PM ET,DAL,0
PF/C,Dewayne Dedmon (11506003) (LOCKED),Dewayne Dedmon,11506003,PF/C/F/UTIL,5000,DAL@ATL 10/24/2018 07:00PM ET,ATL,0
SG/SF,Bogdan Bogdanovic (11506007),Bogdan Bogdanovic,11506007,SG/SF/F/G/UTIL,5000,MEM@SAC 10/24/2018 10:00PM ET,SAC,0
SF/PF,Jabari Parker (11506036),Jabari Parker,11506036,SF/PF/F/UTIL,4900,CHA@CHI 10/24/2018 08:00PM ET,CHI,25
PG/SG,Jordan Clarkson (11506028) (LOCKED),Jordan Clarkson,11506028,PG/SG/G/UTIL,4900,BKN@CLE 10/24/2018 07:00PM ET,CLE,24.67
PF,Taj Gibson (11506040),Taj Gibson,11506040,PF/F/UTIL,4900,MIN@TOR 10/24/2018 07:30PM ET,MIN,24.5
PF/C,Kelly Olynyk (11506020),Kelly Olynyk,11506020,PF/C/F/UTIL,4900,NY@MIA 10/24/2018 07:30PM ET,MIA,13.17
SG/SF,Rodney McGruder (11506043),Rodney McGruder,11506043,SG/SF/F/G/UTIL,4900,NY@MIA 10/24/2018 07:30PM ET,MIA,34.25
SF/PF,Trevor Ariza (11506024),Trevor Ariza,11506024,SF/PF/F/UTIL,4900,LAL@PHO 10/24/2018 10:00PM ET,PHO,24.17
SF/PF,Thaddeus Young (11506032),Thaddeus Young,11506032,SF/PF/F/UTIL,4900,IND@SA 10/24/2018 08:30PM ET,IND,18.56
SG/SF,Rodney Hood (11506060) (LOCKED),Rodney Hood,11506060,SG/SF/F/G/UTIL,4800,BKN@CLE 10/24/2018 07:00PM ET,CLE,18.33
PG/SG,George Hill (11506069) (LOCKED),George Hill,11506069,PG/SG/G/UTIL,4800,BKN@CLE 10/24/2018 07:00PM ET,CLE,20.75
PG/SG,Dwyane Wade (11506056),Dwyane Wade,11506056,PG/SG/G/UTIL,4800,NY@MIA 10/24/2018 07:30PM ET,MIA,28
SF/PF,Jae Crowder (11506065),Jae Crowder,11506065,SF/PF/F/UTIL,4800,UTA@HOU 10/24/2018 08:00PM ET,UTA,27.67
PG/SG,J.J. Barea (11506052) (LOCKED),J.J. Barea,11506052,PG/SG/G/UTIL,4800,DAL@ATL 10/24/2018 07:00PM ET,DAL,28.67
SG/SF,T.J. Warren (11506073),T.J. Warren,11506073,SG/SF/F/G/UTIL,4800,LAL@PHO 10/24/2018 10:00PM ET,PHO,30.5
PF/C,Marvin Bagley III (11506048),Marvin Bagley III,11506048,PF/C/F/UTIL,4800,MEM@SAC 10/24/2018 10:00PM ET,SAC,29.81
PG/SG,Malik Monk (11506090),Malik Monk,11506090,PG/SG/G/UTIL,4700,CHA@CHI 10/24/2018 08:00PM ET,CHA,23
SF/PF,Carmelo Anthony (11506078),Carmelo Anthony,11506078,SF/PF/F/UTIL,4700,UTA@HOU 10/24/2018 08:00PM ET,HOU,18.67
SF/PF,JaMychal Green (11506082),JaMychal Green,11506082,SF/PF/F/UTIL,4700,MEM@SAC 10/24/2018 10:00PM ET,MEM,21.25
SF/PF,Nemanja Bjelica (11506086),Nemanja Bjelica,11506086,SF/PF/F/UTIL,4700,MEM@SAC 10/24/2018 10:00PM ET,SAC,22.38
PF/C,Larry Nance Jr. (11506094) (LOCKED),Larry Nance Jr.,11506094,PF/C/F/UTIL,4600,BKN@CLE 10/24/2018 07:00PM ET,CLE,19.5
SG/SF,Joe Harris (11506120) (LOCKED),Joe Harris,11506120,SG/SF/F/G/UTIL,4600,BKN@CLE 10/24/2018 07:00PM ET,BKN,25.5
C,Brook Lopez (11506105),Brook Lopez,11506105,C/UTIL,4600,PHI@MIL 10/24/2018 09:30PM ET,MIL,22.83
SF/PF,P.J. Tucker (11506107),P.J. Tucker,11506107,SF/PF/F/UTIL,4600,UTA@HOU 10/24/2018 08:00PM ET,HOU,21.33
SG/SF,Josh Jackson (11506098),Josh Jackson,11506098,SG/SF/F/G/UTIL,4600,LAL@PHO 10/24/2018 10:00PM ET,PHO,13.92
C,Pau Gasol (11506103),Pau Gasol,11506103,C/UTIL,4600,IND@SA 10/24/2018 08:30PM ET,SA,20.75
PG/SG,Bryn Forbes (11506111),Bryn Forbes,11506111,PG/SG/G/UTIL,4600,IND@SA 10/24/2018 08:30PM ET,SA,24.17
SG/SF,Bojan Bogdanovic (11506115),Bojan Bogdanovic,11506115,SG/SF/F/G/UTIL,4600,IND@SA 10/24/2018 08:30PM ET,IND,20
SG/SF,Justin Holiday (11506132),Justin Holiday,11506132,SG/SF/F/G/UTIL,4500,CHA@CHI 10/24/2018 08:00PM ET,CHI,25
PF/C,Ersan Ilyasova (11506137),Ersan Ilyasova,11506137,PF/C/F/UTIL,4500,PHI@MIL 10/24/2018 09:30PM ET,MIL,19.33
PG/SG,Fred VanVleet (11506128),Fred VanVleet,11506128,PG/SG/G/UTIL,4500,MIN@TOR 10/24/2018 07:30PM ET,TOR,23.5
SF/PF,Mario Hezonja (11506141),Mario Hezonja,11506141,SF/PF/F/UTIL,4500,NY@MIA 10/24/2018 07:30PM ET,NY,16.75
PG,Darren Collison (11506125),Darren Collison,11506125,PG/G/UTIL,4500,IND@SA 10/24/2018 08:30PM ET,IND,17.44
SG/SF,Denzel Valentine (11506149),Denzel Valentine,11506149,SG/SF/F/G/UTIL,4400,CHA@CHI 10/24/2018 08:00PM ET,CHI,0
PG/SG,Derrick Rose (11506154),Derrick Rose,11506154,PG/SG/G/UTIL,4400,MIN@TOR 10/24/2018 07:30PM ET,MIN,28.56
SG/SF,Danny Green (11506158),Danny Green,11506158,SG/SF/F/G/UTIL,4400,MIN@TOR 10/24/2018 07:30PM ET,TOR,25.56
PF/C,Bam Adebayo (11506145),Bam Adebayo,11506145,PF/C/F/UTIL,4400,NY@MIA 10/24/2018 07:30PM ET,MIA,20.08
SG/SF,Kelly Oubre Jr. (11506171),Kelly Oubre Jr.,11506171,SG/SF/F/G/UTIL,4300,WAS@GS 10/24/2018 10:30PM ET,WAS,22.67
PG,Isaiah Canaan (11506163),Isaiah Canaan,11506163,PG/G/UTIL,4300,LAL@PHO 10/24/2018 10:00PM ET,PHO,22.08
SG/SF,Iman Shumpert (11506166),Iman Shumpert,11506166,SG/SF/F/G/UTIL,4300,MEM@SAC 10/24/2018 10:00PM ET,SAC,23
C,Cody Zeller (11506176),Cody Zeller,11506176,C/UTIL,4200,CHA@CHI 10/24/2018 08:00PM ET,CHA,18.75
PF/C,Noah Vonleh (11506178),Noah Vonleh,11506178,PF/C/F/UTIL,4200,NY@MIA 10/24/2018 07:30PM ET,NY,22.88
SF/PF,Marvin Williams (11506182),Marvin Williams,11506182,SF/PF/F/UTIL,4100,CHA@CHI 10/24/2018 08:00PM ET,CHA,19.44
SG/SF,Allen Crabbe (11506190) (LOCKED),Allen Crabbe,11506190,SG/SF/F/G/UTIL,4100,BKN@CLE 10/24/2018 07:00PM ET,BKN,12.62
PG/SF,Frank Ntilikina (11506195),Frank Ntilikina,11506195,PG/SF/F/G/UTIL,4100,NY@MIA 10/24/2018 07:30PM ET,NY,16.62
SF/PF,Dorian Finney-Smith (11506200) (LOCKED),Dorian Finney-Smith,11506200,SF/PF/F/UTIL,4100,DAL@ATL 10/24/2018 07:00PM ET,DAL,23.58
SF/PF,Kyle Anderson (11506186),Kyle Anderson,11506186,SF/PF/F/UTIL,4100,MEM@SAC 10/24/2018 10:00PM ET,MEM,14.67
C,Guillermo Hernangomez (11506204),Guillermo Hernangomez,11506204,C/UTIL,4000,CHA@CHI 10/24/2018 08:00PM ET,CHA,18.19
PF/C,Wendell Carter Jr. (11506252),Wendell Carter Jr.,11506252,PF/C/F/UTIL,4000,CHA@CHI 10/24/2018 08:00PM ET,CHI,18.17
PG/SG,Cameron Payne (11506256),Cameron Payne,11506256,PG/SG/G/UTIL,4000,CHA@CHI 10/24/2018 08:00PM ET,CHI,15.67
SF/PF,DeMarre Carroll (11506218) (LOCKED),DeMarre Carroll,11506218,SF/PF/F/UTIL,4000,BKN@CLE 10/24/2018 07:00PM ET,BKN,0
SF/PF,Wilson Chandler (11506222),Wilson Chandler,11506222,SF/PF/F/UTIL,4000,PHI@MIL 10/24/2018 09:30PM ET,PHI,0
PG/SG,T.J. McConnell (11506260),T.J. McConnell,11506260,PG/SG/G/UTIL,4000,PHI@MIL 10/24/2018 09:30PM ET,PHI,16
PF,Pascal Siakam (11506206),Pascal Siakam,11506206,PF/F/UTIL,4000,MIN@TOR 10/24/2018 07:30PM ET,TOR,19
PG/SG,Delon Wright (11506226),Delon Wright,11506226,PG/SG/G/UTIL,4000,MIN@TOR 10/24/2018 07:30PM ET,TOR,0
SF/PF,Kevin Knox (11506230),Kevin Knox,11506230,SF/PF/F/UTIL,4000,NY@MIA 10/24/2018 07:30PM ET,NY,14.17
SF/PF,Justise Winslow (11506234),Justise Winslow,11506234,SF/PF/F/UTIL,4000,NY@MIA 10/24/2018 07:30PM ET,MIA,0
SG/SF,James Ennis III (11506238),James Ennis III,11506238,SG/SF/F/G/UTIL,4000,UTA@HOU 10/24/2018 08:00PM ET,HOU,14.58
SG/SF,Kentavious Caldwell-Pope (11506209),Kentavious Caldwell-Pope,11506209,SG/SF/F/G/UTIL,4000,LAL@PHO 10/24/2018 10:00PM ET,LAL,8.25
SG/SF,Garrett Temple (11506243),Garrett Temple,11506243,SG/SF/F/G/UTIL,4000,MEM@SAC 10/24/2018 10:00PM ET,MEM,25.42
PG/SG,Patty Mills (11506214),Patty Mills,11506214,PG/SG/G/UTIL,4000,IND@SA 10/24/2018 08:30PM ET,SA,16.08
PG/SG,Derrick White (11506248),Derrick White,11506248,PG/SG/G/UTIL,4000,IND@SA 10/24/2018 08:30PM ET,SA,0
SF/PF,Michael Kidd-Gilchrist (11506289),Michael Kidd-Gilchrist,11506289,SF/PF/F/UTIL,3900,CHA@CHI 10/24/2018 08:00PM ET,CHA,24.19
PG,Collin Sexton (11506264) (LOCKED),Collin Sexton,11506264,PG/G/UTIL,3900,BKN@CLE 10/24/2018 07:00PM ET,CLE,12.42
SF/PF,Jeff Green (11506276),Jeff Green,11506276,SF/PF/F/UTIL,3900,WAS@GS 10/24/2018 10:30PM ET,WAS,20.5
SG/SF,Andre Iguodala (11506293),Andre Iguodala,11506293,SG/SF/F/G/UTIL,3900,WAS@GS 10/24/2018 10:30PM ET,GS,10.75
PG/SG,Dante Exum (11506267),Dante Exum,11506267,PG/SG/G/UTIL,3900,UTA@HOU 10/24/2018 08:00PM ET,UTA,16.75
SG/SF,DeAndre' Bembry (11506280) (LOCKED),DeAndre' Bembry,11506280,SG/SF/F/G/UTIL,3900,DAL@ATL 10/24/2018 07:00PM ET,ATL,19.5
PG/SG,Lance Stephenson (11506285),Lance Stephenson,11506285,PG/SG/G/UTIL,3900,LAL@PHO 10/24/2018 10:00PM ET,LAL,14.58
SG/SF,Marco Belinelli (11506271),Marco Belinelli,11506271,SG/SF/F/G/UTIL,3900,IND@SA 10/24/2018 08:30PM ET,SA,16.17
PG/SG,Austin Rivers (11506298),Austin Rivers,11506298,PG/SG/G/UTIL,3800,WAS@GS 10/24/2018 10:30PM ET,WAS,16
C,Damian Jones (11506305),Damian Jones,11506305,C/UTIL,3800,WAS@GS 10/24/2018 10:30PM ET,GS,19.31
PG,Michael Carter-Williams (11506311),Michael Carter-Williams,11506311,PG/G/UTIL,3800,UTA@HOU 10/24/2018 08:00PM ET,HOU,11.83
PF/C,Omari Spellman (11506307) (LOCKED),Omari Spellman,11506307,PF/C/F/UTIL,3800,DAL@ATL 10/24/2018 07:00PM ET,ATL,18
PG,Cory Joseph (11506302),Cory Joseph,11506302,PG/G/UTIL,3800,IND@SA 10/24/2018 08:30PM ET,IND,20.19
PF/C,Ed Davis (11506323) (LOCKED),Ed Davis,11506323,PF/C/F/UTIL,3700,BKN@CLE 10/24/2018 07:00PM ET,BKN,20.75
C,John Henson (11506354),John Henson,11506354,C/UTIL,3700,PHI@MIL 10/24/2018 09:30PM ET,MIL,22.33
PF/C,Kevon Looney (11506314),Kevon Looney,11506314,PF/C/F/UTIL,3700,WAS@GS 10/24/2018 10:30PM ET,GS,18.62
C,Ian Mahinmi (11506318),Ian Mahinmi,11506318,C/UTIL,3700,WAS@GS 10/24/2018 10:30PM ET,WAS,8.75
SF/PF,Jonas Jerebko (11506356),Jonas Jerebko,11506356,SF/PF/F/UTIL,3700,WAS@GS 10/24/2018 10:30PM ET,GS,14.62
PG/SG,Tyler Johnson (11506327),Tyler Johnson,11506327,PG/SG/G/UTIL,3700,NY@MIA 10/24/2018 07:30PM ET,MIA,11.67
SG/SF,Allonzo Trier (11506336),Allonzo Trier,11506336,SG/SF/F/G/UTIL,3700,NY@MIA 10/24/2018 07:30PM ET,NY,16.69
SG,Alec Burks (11506320),Alec Burks,11506320,SG/G/UTIL,3700,UTA@HOU 10/24/2018 08:00PM ET,UTA,10.25
PF/C,Marquese Chriss (11506341),Marquese Chriss,11506341,PF/C/F/UTIL,3700,UTA@HOU 10/24/2018 08:00PM ET,HOU,0
SG/SF,Dillon Brooks (11506331),Dillon Brooks,11506331,SG/SF/F/G/UTIL,3700,MEM@SAC 10/24/2018 10:00PM ET,MEM,5.83
SG/SF,Justin Jackson (11506345),Justin Jackson,11506345,SG/SF/F/G/UTIL,3700,MEM@SAC 10/24/2018 10:00PM ET,SAC,19.12
PG/SG,Yogi Ferrell (11506350),Yogi Ferrell,11506350,PG/SG/G/UTIL,3700,MEM@SAC 10/24/2018 10:00PM ET,SAC,15.31
SF/PF,Miles Bridges (11506367),Miles Bridges,11506367,SF/PF/F/UTIL,3600,CHA@CHI 10/24/2018 08:00PM ET,CHA,15.75
PG/SG,Shabazz Napier (11506363) (LOCKED),Shabazz Napier,11506363,PG/SG/G/UTIL,3600,BKN@CLE 10/24/2018 07:00PM ET,BKN,0
PF/C,Gorgui Dieng (11506383),Gorgui Dieng,11506383,PF/C/F/UTIL,3600,MIN@TOR 10/24/2018 07:30PM ET,MIN,21.5
SF/PF,Derrick Jones Jr. (11506387),Derrick Jones Jr.,11506387,SF/PF/F/UTIL,3600,NY@MIA 10/24/2018 07:30PM ET,MIA,20
SF/PF,Alex Poythress (11506379) (LOCKED),Alex Poythress,11506379,SF/PF/F/UTIL,3600,DAL@ATL 10/24/2018 07:00PM ET,ATL,17.17
PF/C,Ryan Anderson (11506371),Ryan Anderson,11506371,PF/C/F/UTIL,3600,LAL@PHO 10/24/2018 10:00PM ET,PHO,12.42
SG,MarShon Brooks (11506360),MarShon Brooks,11506360,SG/G/UTIL,3600,MEM@SAC 10/24/2018 10:00PM ET,MEM,6.88
PF/C,Harry Giles (11506391),Harry Giles,11506391,PF/C/F/UTIL,3600,MEM@SAC 10/24/2018 10:00PM ET,SAC,11.56
PG,Shelvin Mack (11506395),Shelvin Mack,11506395,PG/G/UTIL,3600,MEM@SAC 10/24/2018 10:00PM ET,MEM,16.08
SG/SF,Wayne Selden Jr. (11506398),Wayne Selden Jr.,11506398,SG/SF/F/G/UTIL,3600,MEM@SAC 10/24/2018 10:00PM ET,MEM,8.5
PF/C,Davis Bertans (11506375),Davis Bertans,11506375,PF/C/F/UTIL,3600,IND@SA 10/24/2018 08:30PM ET,SA,15.5
SF/PF,Dante Cunningham (11506403),Dante Cunningham,11506403,SF/PF/F/UTIL,3600,IND@SA 10/24/2018 08:30PM ET,SA,11.92
PG,Ryan Arcidiacono (11506457),Ryan Arcidiacono,11506457,PG/G/UTIL,3500,CHA@CHI 10/24/2018 08:00PM ET,CHI,20.38
SG,J.R. Smith (11506432) (LOCKED),J.R. Smith,11506432,SG/G/UTIL,3500,BKN@CLE 10/24/2018 07:00PM ET,CLE,-0.5
PF/C,Jordan Bell (11506413),Jordan Bell,11506413,PF/C/F/UTIL,3500,WAS@GS 10/24/2018 10:30PM ET,GS,4.33
C,Greg Monroe (11506435),Greg Monroe,11506435,C/UTIL,3500,MIN@TOR 10/24/2018 07:30PM ET,TOR,6
SG/SF,Wayne Ellington (11506437),Wayne Ellington,11506437,SG/SF/F/G/UTIL,3500,NY@MIA 10/24/2018 07:30PM ET,MIA,0
SG/SF,Damyean Dotson (11506465),Damyean Dotson,11506465,SG/SF/F/G/UTIL,3500,NY@MIA 10/24/2018 07:30PM ET,NY,25.25
SG/SF,Gerald Green (11506460),Gerald Green,11506460,SG/SF/F/G/UTIL,3500,UTA@HOU 10/24/2018 08:00PM ET,HOU,13.92
PG/SG,Jeremy Lin (11506407) (LOCKED),Jeremy Lin,11506407,PG/SG/G/UTIL,3500,DAL@ATL 10/24/2018 07:00PM ET,ATL,10.5
SG,Vince Carter (11506417) (LOCKED),Vince Carter,11506417,SG/G/UTIL,3500,DAL@ATL 10/24/2018 07:00PM ET,ATL,13.17
PG/SG,Devin Harris (11506442) (LOCKED),Devin Harris,11506442,PG/SG/G/UTIL,3500,DAL@ATL 10/24/2018 07:00PM ET,DAL,1.5
PF,Maxi Kleber (11506446) (LOCKED),Maxi Kleber,11506446,PF/F/UTIL,3500,DAL@ATL 10/24/2018 07:00PM ET,DAL,15.42
PG/SG,Jamal Crawford (11506420),Jamal Crawford,11506420,PG/SG/G/UTIL,3500,LAL@PHO 10/24/2018 10:00PM ET,PHO,6.12
SF/PF,Chandler Parsons (11506424),Chandler Parsons,11506424,SF/PF/F/UTIL,3500,MEM@SAC 10/24/2018 10:00PM ET,MEM,9.83
PG/SG,Frank Mason III (11506428),Frank Mason III,11506428,PG/SG/G/UTIL,3500,MEM@SAC 10/24/2018 10:00PM ET,SAC,22.17
PF/C,Zach Randolph (11506449),Zach Randolph,11506449,PF/C/F/UTIL,3500,MEM@SAC 10/24/2018 10:00PM ET,SAC,0
C,Jakob Poeltl (11506411),Jakob Poeltl,11506411,C/UTIL,3500,IND@SA 10/24/2018 08:30PM ET,SA,8.75
SF/PF,TJ Leaf (11506453),TJ Leaf,11506453,SF/PF/F/UTIL,3500,IND@SA 10/24/2018 08:30PM ET,IND,0
PG,Tony Parker (11506470),Tony Parker,11506470,PG/G/UTIL,3400,CHA@CHI 10/24/2018 08:00PM ET,CHA,10.94
PF/C,Kenneth Faried (11506482) (LOCKED),Kenneth Faried,11506482,PF/C/F/UTIL,3400,BKN@CLE 10/24/2018 07:00PM ET,BKN,12
PG/SF,Donte DiVincenzo (11506486),Donte DiVincenzo,11506486,PG/SF/F/G/UTIL,3400,PHI@MIL 10/24/2018 09:30PM ET,MIL,10.42
PF/C,Amir Johnson (11506501),Amir Johnson,11506501,PF/C/F/UTIL,3400,PHI@MIL 10/24/2018 09:30PM ET,PHI,15.62
SF/PF,OG Anunoby (11506491),OG Anunoby,11506491,SF/PF/F/UTIL,3400,MIN@TOR 10/24/2018 07:30PM ET,TOR,13.5
SG/SF,C.J. Miles (11506505),C.J. Miles,11506505,SG/SF/F/G/UTIL,3400,MIN@TOR 10/24/2018 07:30PM ET,TOR,10.75
PG/SG,Tyus Jones (11506512),Tyus Jones,11506512,PG/SG/G/UTIL,3400,MIN@TOR 10/24/2018 07:30PM ET,MIN,14.19
SG,Josh Okogie (11506520),Josh Okogie,11506520,SG/G/UTIL,3400,MIN@TOR 10/24/2018 07:30PM ET,MIN,19.38
C,Miles Plumlee (11506495) (LOCKED),Miles Plumlee,11506495,C/UTIL,3400,DAL@ATL 10/24/2018 07:00PM ET,ATL,15.25
SG/SF,Mikal Bridges (11506473),Mikal Bridges,11506473,SG/SF/F/G/UTIL,3400,LAL@PHO 10/24/2018 10:00PM ET,PHO,14.88
PF/C,Dragan Bender (11506497),Dragan Bender,11506497,PF/C/F/UTIL,3400,LAL@PHO 10/24/2018 10:00PM ET,PHO,1
C,Tyson Chandler (11506510),Tyson Chandler,11506510,C/UTIL,3400,LAL@PHO 10/24/2018 10:00PM ET,PHO,11.25
SF/PF,Omri Casspi (11506516),Omri Casspi,11506516,SF/PF/F/UTIL,3400,MEM@SAC 10/24/2018 10:00PM ET,MEM,13.88
PF/C,Kyle O'Quinn (11506478),Kyle O'Quinn,11506478,PF/C/F/UTIL,3400,IND@SA 10/24/2018 08:30PM ET,IND,15.75
PF/C,Frank Kaminsky (11506523),Frank Kaminsky,11506523,PF/C/F/UTIL,3300,CHA@CHI 10/24/2018 08:00PM ET,CHA,4.12
PG/SG,Antonio Blakeney (11506527),Antonio Blakeney,11506527,PG/SG/G/UTIL,3300,CHA@CHI 10/24/2018 08:00PM ET,CHI,14.92
SG/SF,Chandler Hutchison (11506535),Chandler Hutchison,11506535,SG/SF/F/G/UTIL,3300,CHA@CHI 10/24/2018 08:00PM ET,CHI,5
C,Ante Zizic (11506540) (LOCKED),Ante Zizic,11506540,C/UTIL,3300,BKN@CLE 10/24/2018 07:00PM ET,CLE,10.58
SF/PF,Jared Dudley (11506546) (LOCKED),Jared Dudley,11506546,SF/PF/F/UTIL,3300,BKN@CLE 10/24/2018 07:00PM ET,BKN,15.83
PF/C,Thon Maker (11506550),Thon Maker,11506550,PF/C/F/UTIL,3300,PHI@MIL 10/24/2018 09:30PM ET,MIL,0
PG,Shaun Livingston (11506554),Shaun Livingston,11506554,PG/G/UTIL,3300,WAS@GS 10/24/2018 10:30PM ET,GS,14.5
PG,Quinn Cook (11506589),Quinn Cook,11506589,PG/G/UTIL,3300,WAS@GS 10/24/2018 10:30PM ET,GS,5
SG/SF,Norman Powell (11506557),Norman Powell,11506557,SG/SF/F/G/UTIL,3300,MIN@TOR 10/24/2018 07:30PM ET,TOR,11.31
PG,Emmanuel Mudiay (11506562),Emmanuel Mudiay,11506562,PG/G/UTIL,3300,NY@MIA 10/24/2018 07:30PM ET,NY,0
SF/PF,Lance Thomas (11506565),Lance Thomas,11506565,SF/PF/F/UTIL,3300,NY@MIA 10/24/2018 07:30PM ET,NY,8.38
SF,Royce O'Neale (11506569),Royce O'Neale,11506569,SF/F/UTIL,3300,UTA@HOU 10/24/2018 08:00PM ET,UTA,5.42
PG/SG,Tyler Dorsey (11506572) (LOCKED),Tyler Dorsey,11506572,PG/SG/G/UTIL,3300,DAL@ATL 10/24/2018 07:00PM ET,ATL,8.12
SG/SF,Kevin Huerter (11506584) (LOCKED),Kevin Huerter,11506584,SG/SF/F/G/UTIL,3300,DAL@ATL 10/24/2018 07:00PM ET,ATL,15.75
SF/PF,Michael Beasley (11506576),Michael Beasley,11506576,SF/PF/F/UTIL,3300,LAL@PHO 10/24/2018 10:00PM ET,LAL,3.12
PG/SG,Andrew Harrison (11506542),Andrew Harrison,11506542,PG/SG/G/UTIL,3300,MEM@SAC 10/24/2018 10:00PM ET,MEM,0
PF/C,Skal Labissiere (11506580),Skal Labissiere,11506580,PF/C/F/UTIL,3300,MEM@SAC 10/24/2018 10:00PM ET,SAC,3.42
SF/PF,Doug McDermott (11506531),Doug McDermott,11506531,SF/PF/F/UTIL,3300,IND@SA 10/24/2018 08:30PM ET,IND,14.94
C,Robin Lopez (11506592),Robin Lopez,11506592,C/UTIL,3200,CHA@CHI 10/24/2018 08:00PM ET,CHI,9.83
SG/SF,Kyle Korver (11506594) (LOCKED),Kyle Korver,11506594,SG/SF/F/G/UTIL,3200,BKN@CLE 10/24/2018 07:00PM ET,CLE,2.38
PF/C,Mike Muscala (11506606),Mike Muscala,11506606,PF/C/F/UTIL,3200,PHI@MIL 10/24/2018 09:30PM ET,PHI,12
PG/SG,Landry Shamet (11506610),Landry Shamet,11506610,PG/SG/G/UTIL,3200,PHI@MIL 10/24/2018 09:30PM ET,PHI,11.19
SG/SF,Tony Snell (11506614),Tony Snell,11506614,SG/SF/F/G/UTIL,3200,PHI@MIL 10/24/2018 09:30PM ET,MIL,7.92
PF/C,Thomas Bryant (11506619),Thomas Bryant,11506619,PF/C/F/UTIL,3200,WAS@GS 10/24/2018 10:30PM ET,WAS,0
C,Nene Hilario (11506623),Nene Hilario,11506623,C/UTIL,3200,UTA@HOU 10/24/2018 08:00PM ET,HOU,0
PF/C,Isaiah Hartenstein (11506625),Isaiah Hartenstein,11506625,PF/C/F/UTIL,3200,UTA@HOU 10/24/2018 08:00PM ET,HOU,5.12
PG,Jalen Brunson (11506599) (LOCKED),Jalen Brunson,11506599,PG/G/UTIL,3200,DAL@ATL 10/24/2018 07:00PM ET,DAL,10
SG/SF,Sviatoslav Mykhailiuk (11506629),Sviatoslav Mykhailiuk,11506629,SG/SF/F/G/UTIL,3200,LAL@PHO 10/24/2018 10:00PM ET,LAL,6
PG/SG,Aaron Holiday (11506602),Aaron Holiday,11506602,PG/SG/G/UTIL,3200,IND@SA 10/24/2018 08:30PM ET,IND,2.42
C,Bismack Biyombo (11506679),Bismack Biyombo,11506679,C/UTIL,3100,CHA@CHI 10/24/2018 08:00PM ET,CHA,6.62
PG,Shaquille Harrison (11506681),Shaquille Harrison,11506681,PG/G/UTIL,3100,CHA@CHI 10/24/2018 08:00PM ET,CHI,0
PG,Tyler Ulis (11506684),Tyler Ulis,11506684,PG/G/UTIL,3100,CHA@CHI 10/24/2018 08:00PM ET,CHI,0
SF/PF,Sam Dekker (11506646) (LOCKED),Sam Dekker,11506646,SF/PF/F/UTIL,3100,BKN@CLE 10/24/2018 07:00PM ET,CLE,13.17
SG/SF,David Nwaba (11506650) (LOCKED),David Nwaba,11506650,SG/SF/F/G/UTIL,3100,BKN@CLE 10/24/2018 07:00PM ET,CLE,0
PG/SG,Matthew Dellavedova (11506655),Matthew Dellavedova,11506655,PG/SG/G/UTIL,3100,PHI@MIL 10/24/2018 09:30PM ET,MIL,1.25
PF/C,Jason Smith (11506659),Jason Smith,11506659,PF/C/F/UTIL,3100,WAS@GS 10/24/2018 10:30PM ET,WAS,11.67
PG/SG,Tomas Satoransky (11506663),Tomas Satoransky,11506663,PG/SG/G/UTIL,3100,WAS@GS 10/24/2018 10:30PM ET,WAS,9.5
PF,Alfonzo McKinnie (11506687),Alfonzo McKinnie,11506687,PF/F/UTIL,3100,WAS@GS 10/24/2018 10:30PM ET,GS,6.69
PF/C,Mitchell Robinson (11506667),Mitchell Robinson,11506667,PF/C/F/UTIL,3100,NY@MIA 10/24/2018 07:30PM ET,NY,2.75
PG/SG,Grayson Allen (11506634),Grayson Allen,11506634,PG/SG/G/UTIL,3100,UTA@HOU 10/24/2018 08:00PM ET,UTA,7.5
C,Salah Mejri (11506638) (LOCKED),Salah Mejri,11506638,C/UTIL,3100,DAL@ATL 10/24/2018 07:00PM ET,DAL,0
SF/PF,Kostas Antetokounmpo (11506671) (LOCKED),Kostas Antetokounmpo,11506671,SF/PF/F/UTIL,3100,DAL@ATL 10/24/2018 07:00PM ET,DAL,0
SF/PF,Justin Anderson (11506675) (LOCKED),Justin Anderson,11506675,SF/PF/F/UTIL,3100,DAL@ATL 10/24/2018 07:00PM ET,ATL,0
PF/C,Richaun Holmes (11506640),Richaun Holmes,11506640,PF/C/F/UTIL,3100,LAL@PHO 10/24/2018 10:00PM ET,PHO,5.38
C,Ivica Zubac (11506644),Ivica Zubac,11506644,C/UTIL,3100,LAL@PHO 10/24/2018 10:00PM ET,LAL,3.25
PF,Johnathan Williams (11506690),Johnathan Williams,11506690,PF/F/UTIL,3100,LAL@PHO 10/24/2018 10:00PM ET,LAL,20.5
PG,Joe Chealey (11506718),Joe Chealey,11506718,PG/G/UTIL,3000,CHA@CHI 10/24/2018 08:00PM ET,CHA,0
PG/SG,Devonte' Graham (11506721),Devonte' Graham,11506721,PG/SG/G/UTIL,3000,CHA@CHI 10/24/2018 08:00PM ET,CHA,1.5
SG,J.P. Macura (11506725),J.P. Macura,11506725,SG/G/UTIL,3000,CHA@CHI 10/24/2018 08:00PM ET,CHA,0
SG/SF,Dwayne Bacon (11506728),Dwayne Bacon,11506728,SG/SF/F/G/UTIL,3000,CHA@CHI 10/24/2018 08:00PM ET,CHA,9
C,Cristiano Felicio (11506733),Cristiano Felicio,11506733,C/UTIL,3000,CHA@CHI 10/24/2018 08:00PM ET,CHI,0
SG/SF,Rawle Alkins (11506735),Rawle Alkins,11506735,SG/SF/F/G/UTIL,3000,CHA@CHI 10/24/2018 08:00PM ET,CHI,0
SG/SF,Theo Pinson (11506740) (LOCKED),Theo Pinson,11506740,SG/SF/F/G/UTIL,3000,BKN@CLE 10/24/2018 07:00PM ET,BKN,6.25
C,Alan Williams (11506745) (LOCKED),Alan Williams,11506745,C/UTIL,3000,BKN@CLE 10/24/2018 07:00PM ET,BKN,0
SG/SF,Treveon Graham (11506747) (LOCKED),Treveon Graham,11506747,SG/SF/F/G/UTIL,3000,BKN@CLE 10/24/2018 07:00PM ET,BKN,3.75
SG/SF,Dzanan Musa (11506752) (LOCKED),Dzanan Musa,11506752,SG/SF/F/G/UTIL,3000,BKN@CLE 10/24/2018 07:00PM ET,BKN,8
SF/PF,Rodions Kurucs (11506757) (LOCKED),Rodions Kurucs,11506757,SF/PF/F/UTIL,3000,BKN@CLE 10/24/2018 07:00PM ET,BKN,14
PF/C,Channing Frye (11506761) (LOCKED),Channing Frye,11506761,PF/C/F/UTIL,3000,BKN@CLE 10/24/2018 07:00PM ET,CLE,0
SG/SF,John Holland (11506765) (LOCKED),John Holland,11506765,SG/SF/F/G/UTIL,3000,BKN@CLE 10/24/2018 07:00PM ET,CLE,0
PF,Billy Preston (11506770) (LOCKED),Billy Preston,11506770,PF/F/UTIL,3000,BKN@CLE 10/24/2018 07:00PM ET,CLE,0
SG/SF,Furkan Korkmaz (11506773),Furkan Korkmaz,11506773,SG/SF/F/G/UTIL,3000,PHI@MIL 10/24/2018 09:30PM ET,PHI,1.5
PG/SG,Shake Milton (11506778),Shake Milton,11506778,PG/SG/G/UTIL,3000,PHI@MIL 10/24/2018 09:30PM ET,PHI,0
SG/SF,Zhaire Smith (11506782),Zhaire Smith,11506782,SG/SF/F/G/UTIL,3000,PHI@MIL 10/24/2018 09:30PM ET,PHI,0
PG/SG,Jerryd Bayless (11506787),Jerryd Bayless,11506787,PG/SG/G/UTIL,3000,PHI@MIL 10/24/2018 09:30PM ET,PHI,0
PG,Demetrius Jackson (11506791),Demetrius Jackson,11506791,PG/G/UTIL,3000,PHI@MIL 10/24/2018 09:30PM ET,PHI,0
PF,Jonah Bolden (11506794),Jonah Bolden,11506794,PF/F/UTIL,3000,PHI@MIL 10/24/2018 09:30PM ET,PHI,0
SG,Jodie Meeks (11506797),Jodie Meeks,11506797,SG/G/UTIL,3000,PHI@MIL 10/24/2018 09:30PM ET,MIL,0
SG/SF,Pat Connaughton (11506800),Pat Connaughton,11506800,SG/SF/F/G/UTIL,3000,PHI@MIL 10/24/2018 09:30PM ET,MIL,1.5
SG/SF,Sterling Brown (11506805),Sterling Brown,11506805,SG/SF/F/G/UTIL,3000,PHI@MIL 10/24/2018 09:30PM ET,MIL,2
PF,D.J. Wilson (11506810),D.J. Wilson,11506810,PF/F/UTIL,3000,PHI@MIL 10/24/2018 09:30PM ET,MIL,0
PF/C,Christian Wood (11506813),Christian Wood,11506813,PF/C/F/UTIL,3000,PHI@MIL 10/24/2018 09:30PM ET,MIL,3.25
SG,Jaylen Morris (11506817),Jaylen Morris,11506817,SG/G/UTIL,3000,PHI@MIL 10/24/2018 09:30PM ET,MIL,0
PG,Trevon Duval (11506820),Trevon Duval,11506820,PG/G/UTIL,3000,PHI@MIL 10/24/2018 09:30PM ET,MIL,0
PG/SG,Jordan McRae (11506823),Jordan McRae,11506823,PG/SG/G/UTIL,3000,WAS@GS 10/24/2018 10:30PM ET,WAS,0
SG,Devin Robinson (11506827),Devin Robinson,11506827,SG/G/UTIL,3000,WAS@GS 10/24/2018 10:30PM ET,WAS,0
SG/SF,Troy Brown (11506830),Troy Brown,11506830,SG/SF/F/G/UTIL,3000,WAS@GS 10/24/2018 10:30PM ET,WAS,0
SG/SF,Damion Lee (11506835),Damion Lee,11506835,SG/SF/F/G/UTIL,3000,WAS@GS 10/24/2018 10:30PM ET,GS,0
PF,Marcus Derrickson (11506840),Marcus Derrickson,11506840,PF/F/UTIL,3000,WAS@GS 10/24/2018 10:30PM ET,GS,0
SG/SF,Jacob Evans III (11506843),Jacob Evans III,11506843,SG/SF/F/G/UTIL,3000,WAS@GS 10/24/2018 10:30PM ET,GS,4.75
SF/PF,Anthony Tolliver (11506693),Anthony Tolliver,11506693,SF/PF/F/UTIL,3000,MIN@TOR 10/24/2018 07:30PM ET,MIN,10.25
PG/SG,Jordan Loyd (11506848),Jordan Loyd,11506848,PG/SG/G/UTIL,3000,MIN@TOR 10/24/2018 07:30PM ET,TOR,0
PG,Lorenzo Brown (11506852),Lorenzo Brown,11506852,PG/G/UTIL,3000,MIN@TOR 10/24/2018 07:30PM ET,TOR,2.33
PF/C,Chris Boucher (11506855),Chris Boucher,11506855,PF/C/F/UTIL,3000,MIN@TOR 10/24/2018 07:30PM ET,TOR,0
SG,Malachi Richardson (11506859),Malachi Richardson,11506859,SG/G/UTIL,3000,MIN@TOR 10/24/2018 07:30PM ET,TOR,3.5
C,Justin Patton (11506862),Justin Patton,11506862,C/UTIL,3000,MIN@TOR 10/24/2018 07:30PM ET,MIN,0
SF/PF,Luol Deng (11506864),Luol Deng,11506864,SF/PF/F/UTIL,3000,MIN@TOR 10/24/2018 07:30PM ET,MIN,0
SG/SF,C.J. Williams (11506868),C.J. Williams,11506868,SG/SF/F/G/UTIL,3000,MIN@TOR 10/24/2018 07:30PM ET,MIN,-1
SG/SF,James Nunnally (11506873),James Nunnally,11506873,SG/SF/F/G/UTIL,3000,MIN@TOR 10/24/2018 07:30PM ET,MIN,0
PG,Jared Terrell (11506878),Jared Terrell,11506878,PG/G/UTIL,3000,MIN@TOR 10/24/2018 07:30PM ET,MIN,0
SF/PF,Keita Bates-Diop (11506881),Keita Bates-Diop,11506881,SF/PF/F/UTIL,3000,MIN@TOR 10/24/2018 07:30PM ET,MIN,0
SG/SF,Courtney Lee (11506697),Courtney Lee,11506697,SG/SF/F/G/UTIL,3000,NY@MIA 10/24/2018 07:30PM ET,NY,0
PG/SG,Ron Baker (11506702),Ron Baker,11506702,PG/SG/G/UTIL,3000,NY@MIA 10/24/2018 07:30PM ET,NY,5.38
PF/C,Kristaps Porzingis (11506885),Kristaps Porzingis,11506885,PF/C/F/UTIL,3000,NY@MIA 10/24/2018 07:30PM ET,NY,0
PF/C,Isaiah Hicks (11506889),Isaiah Hicks,11506889,PF/C/F/UTIL,3000,NY@MIA 10/24/2018 07:30PM ET,NY,0
PF/C,Luke Kornet (11506893),Luke Kornet,11506893,PF/C/F/UTIL,3000,NY@MIA 10/24/2018 07:30PM ET,NY,0
PF,Udonis Haslem (11506897),Udonis Haslem,11506897,PF/F/UTIL,3000,NY@MIA 10/24/2018 07:30PM ET,MIA,0
SG/SF,Duncan Robinson (11506900),Duncan Robinson,11506900,SG/SF/F/G/UTIL,3000,NY@MIA 10/24/2018 07:30PM ET,MIA,0
SF,Yante Maten (11506905),Yante Maten,11506905,SF/F/UTIL,3000,NY@MIA 10/24/2018 07:30PM ET,MIA,0
C,Ekpe Udoh (11506713),Ekpe Udoh,11506713,C/UTIL,3000,UTA@HOU 10/24/2018 08:00PM ET,UTA,2.75
SF,Thabo Sefolosha (11506908),Thabo Sefolosha,11506908,SF/F/UTIL,3000,UTA@HOU 10/24/2018 08:00PM ET,UTA,0
PG,Raul Neto (11506911),Raul Neto,11506911,PG/G/UTIL,3000,UTA@HOU 10/24/2018 08:00PM ET,UTA,0
PF,Tyler Cavanaugh (11506914),Tyler Cavanaugh,11506914,PF/F/UTIL,3000,UTA@HOU 10/24/2018 08:00PM ET,UTA,0
PG,Nazareth Mitrou-Long (11506917),Nazareth Mitrou-Long,11506917,PG/G/UTIL,3000,UTA@HOU 10/24/2018 08:00PM ET,UTA,0
SF/PF,Georges Niang (11506920),Georges Niang,11506920,SF/PF/F/UTIL,3000,UTA@HOU 10/24/2018 08:00PM ET,UTA,7
C,Tony Bradley (11506924),Tony Bradley,11506924,C/UTIL,3000,UTA@HOU 10/24/2018 08:00PM ET,UTA,0
PF/C,Zhou Qi (11506926),Zhou Qi,11506926,PF/C/F/UTIL,3000,UTA@HOU 10/24/2018 08:00PM ET,HOU,0
PG/SG,Brandon Knight (11506930),Brandon Knight,11506930,PG/SG/G/UTIL,3000,UTA@HOU 10/24/2018 08:00PM ET,HOU,0
SF/PF,Gary Clark (11506934),Gary Clark,11506934,SF/PF/F/UTIL,3000,UTA@HOU 10/24/2018 08:00PM ET,HOU,0
SF/PF,Vincent Edwards (11506938),Vincent Edwards,11506938,SF/PF/F/UTIL,3000,UTA@HOU 10/24/2018 08:00PM ET,HOU,0
PG/SG,Daryl Macon (11506942) (LOCKED),Daryl Macon,11506942,PG/SG/G/UTIL,3000,DAL@ATL 10/24/2018 07:00PM ET,DAL,0
PF,Ray Spalding (11506946) (LOCKED),Ray Spalding,11506946,PF/F/UTIL,3000,DAL@ATL 10/24/2018 07:00PM ET,DAL,0
SG/SF,Ryan Broekhoff (11506949) (LOCKED),Ryan Broekhoff,11506949,SG/SF/F/G/UTIL,3000,DAL@ATL 10/24/2018 07:00PM ET,DAL,2.75
SG/SF,Daniel Hamilton (11506954) (LOCKED),Daniel Hamilton,11506954,SG/SF/F/G/UTIL,3000,DAL@ATL 10/24/2018 07:00PM ET,ATL,0
PG,Jaylen Adams (11506959) (LOCKED),Jaylen Adams,11506959,PG/G/UTIL,3000,DAL@ATL 10/24/2018 07:00PM ET,ATL,1.38
PG,Elie Okobo (11506706),Elie Okobo,11506706,PG/G/UTIL,3000,LAL@PHO 10/24/2018 10:00PM ET,PHO,1.5
SG,Troy Daniels (11506715),Troy Daniels,11506715,SG/G/UTIL,3000,LAL@PHO 10/24/2018 10:00PM ET,PHO,1.25
SG/SF,George King (11506962),George King,11506962,SG/SF/F/G/UTIL,3000,LAL@PHO 10/24/2018 10:00PM ET,PHO,0
PG/SG,De'Anthony Melton (11506967),De'Anthony Melton,11506967,PG/SG/G/UTIL,3000,LAL@PHO 10/24/2018 10:00PM ET,PHO,0
PF/C,Moritz Wagner (11506971),Moritz Wagner,11506971,PF/C/F/UTIL,3000,LAL@PHO 10/24/2018 10:00PM ET,LAL,0
SF,Isaac Bonga (11506975),Isaac Bonga,11506975,SF/F/UTIL,3000,LAL@PHO 10/24/2018 10:00PM ET,LAL,0
SG,Alex Caruso (11506978),Alex Caruso,11506978,SG/G/UTIL,3000,LAL@PHO 10/24/2018 10:00PM ET,LAL,0
PF/C,Ivan Rabb (11506709),Ivan Rabb,11506709,PF/C/F/UTIL,3000,MEM@SAC 10/24/2018 10:00PM ET,MEM,0
SG/SF,D.J. Stephens (11506981),D.J. Stephens,11506981,SG/SF/F/G/UTIL,3000,MEM@SAC 10/24/2018 10:00PM ET,MEM,0
SF/PF,Yuta Watanabe (11506986),Yuta Watanabe,11506986,SF/PF/F/UTIL,3000,MEM@SAC 10/24/2018 10:00PM ET,MEM,0
PG,Jevon Carter (11506990),Jevon Carter,11506990,PG/G/UTIL,3000,MEM@SAC 10/24/2018 10:00PM ET,MEM,0
SF/PF,Wenyen Gabriel (11506993),Wenyen Gabriel,11506993,SF/PF/F/UTIL,3000,MEM@SAC 10/24/2018 10:00PM ET,SAC,0
C,Kosta Koufos (11506997),Kosta Koufos,11506997,C/UTIL,3000,MEM@SAC 10/24/2018 10:00PM ET,SAC,0
SF/PF,Troy Williams (11506999),Troy Williams,11506999,SF/PF/F/UTIL,3000,MEM@SAC 10/24/2018 10:00PM ET,SAC,0
SG/SF,Ben McLemore (11507003),Ben McLemore,11507003,SG/SF/F/G/UTIL,3000,MEM@SAC 10/24/2018 10:00PM ET,SAC,4
SF,Quincy Pondexter (11507008),Quincy Pondexter,11507008,SF/F/UTIL,3000,IND@SA 10/24/2018 08:30PM ET,SA,4.5
PG/SG,Lonnie Walker IV (11507011),Lonnie Walker IV,11507011,PG/SG/G/UTIL,3000,IND@SA 10/24/2018 08:30PM ET,SA,0
PF/C,Drew Eubanks (11507015),Drew Eubanks,11507015,PF/C/F/UTIL,3000,IND@SA 10/24/2018 08:30PM ET,SA,2
PG,Dejounte Murray (11507019),Dejounte Murray,11507019,PG/G/UTIL,3000,IND@SA 10/24/2018 08:30PM ET,SA,0
PF/C,Chimezie Metu (11507022),Chimezie Metu,11507022,PF/C/F/UTIL,3000,IND@SA 10/24/2018 08:30PM ET,SA,6.5
PF/C,Ike Anigbogu (11507026),Ike Anigbogu,11507026,PF/C/F/UTIL,3000,IND@SA 10/24/2018 08:30PM ET,IND,2.75
PF,Alize Johnson (11507030),Alize Johnson,11507030,PF/F/UTIL,3000,IND@SA 10/24/2018 08:30PM ET,IND,3.5
SF,Ben Moore (11507033),Ben Moore,11507033,SF/F/UTIL,3000,IND@SA 10/24/2018 08:30PM ET,IND,0
PG,Edmond Sumner (11507036),Edmond Sumner,11507036,PG/G/UTIL,3000,IND@SA 10/24/2018 08:30PM ET,IND,1.17
